E-100;Curcumina, Extracto de cúrcuma, Amarillo cúrcuma, Diferuloilmetano;0;1;La curcumina es el extracto crudo de las raíces y tallos de la cúrcuma (rizoma procedente de la India). Varía del amarillo al rojo dependiendo del PH (acidez). Constituye una parte del curry. Se parece al jengibre, incluso en el olor. Su sabor es algo amargo. Se obtiene también químicamente mediante síntesis.;En mantequillas, margarinas, quesos, lácteos, leche, salsas, mostazas, escabeches, adobos, helados, té, productos de pastelería, confituras, mermeladas y embutidos picados (crudos y cocidos).;"Toxicidad reducida, pues este colorante no suele absorberse en el intestino.
En algunos experimentos realizados
con animales se han observado
efectos teratógenos. Seguro en las dosis recomendadas. Dosis altas no deben tomarse por personas con cálculos biliares, ictericia obstructiva, cólico biliar aguda o trastornos hepáticos tóxicos.";0;
E-100ii;Cúrcuma, Extracto de cúrcuma, Amarillo cúrcuma, Diferuloilmetano;0;0;La cúrcuma es el compuesto purificado mediante cristalización de las raíces y tallos de la cúrcuma.;En mantequillas, margarinas, quesos, lácteos, salsas, mostazas, escabeches, adobos, mermeladas, helados, tés y pastelería. También es uno de los colorantes del curry.;No se ha encontrado ningún efecto secundario.;0;
E-101;Lactoflavina, Riboflavina, Vitamina B2, Suero de leche, Lactosuero;0;2;Colorante amarillo. Presente en diversos alimentos tales como la leche, los huevos, el hígado y los vegetales. Se obtiene sintéticamente a partir de levaduras.;En mantequillas, margarinas, quesos, lácteos, leches, productos de pastelería, postres instantáneos, salsas,  alimentos con vitaminas añadidas, como el pan, bebidas energéticas, refrescos, cereales para desayuno, galletas, gelatinas, mayonesas, helados y productos multivitaminas.;No se ha encontrado ningún efecto secundario.;0;
E-101a;Fosfato de Riboflavina;0;2;Se obtiene de la vitamina B2 y muchas plantas lo poseen. Tambien es conocido como E-106. ;En pescados y productos de pastelería. Se encuentra en muchos alimentos para bebés y niños pequeños, así como bebidas energéticas, refrescos, cereales para desayuno, galletas, gelatinas, postres instantáneos, mantequillas, margarinas, mermeladas, quesos, productos lácteos, mayonesas, helados, productos con vitaminas, dulces y los productos derivados del azúcar.;No se ha encontrado ningún efecto secundario.;0;
E-102;Tartracina, Tartrazina, Amarillo 5;0;6;Colorante amarillo. Pertenece al grupo de los azoicos.;En productos de pastelería, pescados, mariscos, chicles, gaseosas, refrescos, caramelos, salsas, zumos, bizcochos, alimentos en conserva, pudines instantáneos, mezclas para pasteles, natillas en polvo, sopas, helados, polos de hielo, dulces, mazapán, mermelada, jalea, mostaza, yogur, quesos, patatas fritas, snacks, postres, galletas, golosinas y bebidas alcohólicas.;Puede producir asma, rinitis, alergias, eczemas, urticaria, manchas azules, hiperactividad, problemas de visión, insomnio, alergias en personas sensibles a la aspirina o al ácido salicílico, tumores de la tiroides, daño cromosómico, cefalea, pérdida de nutrientes. En los niños puede producir migrañas, insomnio e hiperactividad o trastorno por déficit de atención con hiperactividad (TDAH). Podría ser cancerígeno, con efectos mutágenos y teratógenos. ;2;
E-103;Crisoína, Crisoína S;0;6;Colorante amarillo.;En pastelería y helados.;Posible hiperactividad en niños. En grandes dosis es un liberador de histamina, y puede aumentar los síntomas del asma y producir eczemas, urticaria e insomnio. Debido a que es un colorante azoico puede provocar intolerancia en personas alérgicas al ácido salicílico. A largo plazo podría ser cancerígeno.;2;
E-104;Amarillo de quinoleína, Amarillo 13;0;6;Colorante amarillo.;En pastelería, helados, refrescos, carnes, pescados, abadejo ahumado, bebidas alcohólicas, conservas vegetales y repostería. Se utiliza en barras de labios, productos para el cabello, colonias y en una amplia gama de medicamentos.;Puede producir hiperactividad, asma, eczemas, dermatitis, urticaria, insomnio, alergias, hipersensibilidad, pérdida de nutrientes. Puede ser cancerígeno. Puede producir hiperactividad o trastorno por déficit de atención con hiperactividad (TDAH) en niños. No se recomienda para el consumo de niños.;2;
E-105;Amarillo sólido, Amarillo rápido, Amarillo ácido;0;6;Colorante amarillo. Pertenece al grupo de los azoicos.;En helados y productos de pastelería.;Debido a que es un colorante azoico puede provocar intolerancia en las personas que se ven afectadas por los salicilatos. Además es un liberador de histamina y puede intensificar los síntomas del asma, y puede producir eczemas, urticaria e insomnio. También está implicado en casos de hiperactividad en niños cuando ha sido utilizado en combinación con los benzoatos. A largo plazo podría ser cancerígeno.;2;
E-106;Fosfato de lactoflavina;0;0;Colorante amarillo. Se obtiene de la vitamina B2 y muchas plantas lo poseen. Tambien es conocido como E-101a.;En pescados, productos de pastelería, bebidas energéticas, refrescos, cereales para desayuno, galletas, gelatinas, postres instantáneos, mantequillas, margarinas, queso, lácteos, mayonesas, helados y productos multivitaminas.;No se ha encontrado ningún efecto secundario.;0;
E-107;Amarillo 2G, Amarillo ácido 17;0;6;Colorante amarillo. Pertenece al grupo de los azoicos.;En la mayonesa, repostería y refrescos.;Debido a que es un colorante azoico está implicado en la producción de alergias, hiperactividad, asma, eczemas, urticaria e insomnio. No se recomienda a personas que padecen de asma y alérgicas a la aspirina o al ácido salisílico. A largo plazo podría ser cancerígeno.;2;
E-110;Amarillo ocaso FCF, Amarillo naranja RGL, Amarillo anaranjado S, Amarillo crepúsculo, Amarillo 6 ;0;6;Colorante amarillo. Pertenece al grupo de los azoicos.;En galletas, productos de pastelería, bizcochos, sopas, salsas de queso, bollos, yogur, pan rallado, zumo de naranja, batidos, harinas, mazapán, mermelada de albaricoque, mermelada de cítricos, cuajada de limón, helados, conservas de pescado, y muchos medicamentos.;Es un depresor del sistema nervioso. Puede producir alergias en personas sensibles a la aspirina o al ácido salicílico, parálisis, convulsiones, eczemas, insomnio, urticaria, dermatosis, trastornos gástricos, dolor abdominal, náuseas y vómitos, indigestión, aversión por la comida, rinitis, congestión nasal, tumores renales, daños cromosómicos, pérdida de nutrientes, … Máximo 2,5 mg/kg. Debido a que es un colorante azoico puede provocar intolerancia en las personas que se ven afectadas por los salicilatos. Además es un liberador de histamina y puede intensificar los síntomas del asma. También está implicado en casos de hiperactividad en niños cuando ha sido utilizado en combinación con los benzoatos. A largo plazo podría ser cancerígeno.;2;
E-111;Naranja GN;0;6;Colorante naranja. Se obtiene mediante síntesis de las heces de algunos tipos de ratas y ratones en sus primeros meses de vida.;En caramelos, helados y pastelería.;Peligroso especialmente en niños. A largo plazo podría ser cancerígeno.;2;
E-120;Cochinilla, Carmín, Ácido carmínico, Rojo ácido de carmín, ;0;2;"Colorante rojo carmín. Se obtiene aplastando ciertos insectos de las familias Coccus cacti, Coccidae y parásitos de algunas espécies de cáctus. Hacen falta 100.000 hembras para obtener un kilo de producto aunque también se obtiene químicamente. Hembras del insecto
Dactylopus coccus,
parásitos de algunas
especies de cactus.
 ";"En yogures de fresa, embutidos, chorizos, campari, sidras, vermouths, aperitivos, conservas vegetales, palitos de cangrejo, sucedáneos de pescado o marisco, mermeladas, helados, gelatinas, productos cárnicos y
bebidas alcohólicas y no alcohólicas, bebidas energéticas, productos de panadería y aderezos, galletas, postres, golosinas, glaseados, rellenos de pasteles, algunas variedades de queso cheddar, salsas y dulces. También se utiliza en pintalabios, maquillajes y cosméticos.";"No se recomienda para el consumo de niños, en especial si se mezcla con analgésicos. Puede provocar hiperactividad, asma, reacciones alérgicas, eczemas, insomnio y pérdida de nutrientes. No hay estudios sobre sus efectos a largo plazo sobre el sistema reproductivo y el metabolismo. Puede ser cancerígeno además de mutágeno. En experimentos con ratas se observa una disminución del crecimiento y una proliferación del tejido del bazo en los conejos. Se han señalado respuestas alérgicas
en sujetos que han consumido
bebidas con este colorante.  
";2;
E-120i;Rojo carmín, Rojo ácido de carmín;0;2;Es de color rojo al carmín oscuro. Se obtiene aplastando insectos de la familia de la Cochinilla y parásitos de algunas especies de cactus. Hacen falta 100.000 hembras para obtener un kilo de producto. Aunque su extracción es natural, para obtener los colores más vivos se mezcla con aluminio, calcio o amoniaco. ;Se emplea en sidras, vermouths, bebidas energéticas, golosinas, gelatinas, helados, postres, embutidos, palitos de cangrejo y sucedáneos de pescado o marisco. También se utiliza en pintalabios, maquillajes y cosméticos.;Peligroso, en especial para los niños si se mezcla con analgésicos. En grandes dosis puede provocar hiperactividad, asma, eczemas e insomnio. No hay estudios sobre sus efectos a largo plazo en el sistema reproductivo y el metabolismo, aunque algunos informes indican que podría ser cancerígeno y mutágeno. En experimentos con ratas se observa una disminución del crecimiento y una proliferación del tejido del bazo en los conejos.;2;
E-120ii;Extracto de cochinilla, Rojo ácido de carmín;0;2;Es de color rojo al carmín oscuro. Se obtiene aplastando insectos de la familia de la Cochinilla y parásitos de algunas especies de cactus. Hacen falta 100.000 hembras para obtener un kilo de producto. Aunque su extracción es natural, para obtener los colores más vivos se mezcla con aluminio, calcio o amoniaco. ;Se emplea en sidras, vermouths, bebidas energéticas, golosinas, gelatinas, helados, postres, embutidos, palitos de cangrejo y sucedáneos de pescado o marisco. También se utiliza en pintalabios, maquillajes y cosméticos.;Peligroso, en especial para los niños si se mezcla con analgésicos. En grandes dosis puede provocar hiperactividad, asma, eczemas e insomnio. No hay estudios sobre sus efectos a largo plazo en el sistema reproductivo y el metabolismo, aunque algunos informes indican que podría ser cancerígeno y mutágeno. En experimentos con ratas se observa una disminución del crecimiento y una proliferación del tejido del bazo en los conejos.;2;
E-121;Orcilla, Rojo cítrico 2;0;0;Colorante del naranja al rojo. Se extrae de los líquenes pero también se obtiene por síntesis de la piel de algunas frutas cítricas como los pomelos o las naranjas. ;En sopas preparadas, pastelería, galletas, en frutas cítricas para que parezca que están maduras y en encurtidos para dar color rojizo.;Cancerígeno. En dosis bajas crea cálculos en vejiga y vesícula. En grandes dosis disminuye el número de glóbulos rojos y hemoglobina a la vez que aumenta el tamaño del hígado, los riñones y el bazo. A largo plazo da problemas degenerativos en el hígado y distintas clases de tumores en animales de laboratorio.;2;
E-122;Azorrubina, Carmoisina, Azorubina S, Colorante de fresa, Rojo 5;0;6;Colorante rojo al marrón. Se obtiene derivado del petróleo. Pertenece al grupo de los colorantes azoicos. ;En sopas de sobre, bollos, caramelos, gelatinas, pan rallado, flanes, mazapán, brazo de gitano, mermeladas y conservas, dulces, salsas oscuras, yogures de sabores, bebidas, chocolates, helados, pastelería, condimentos, productos de pescado o mariscos, jaleas y alimentos que deben ser sometidos a tratamiento térmico después de la fermentación. También se utiliza en algunos colutorios y enjuagues bucales.;Máximo 4 miligramos/kilo. Debido a que se trata de un colorante azoico, puede provocar reacciones alérgicas y/o intolerancia en aquellas personas que se vean afectadas por los salicilatos o aspirina. Además es un liberador de histamina y puede intensificar los síntomas del asma y producir eczemas, urticaria e insomnio. En experimentos con ratones se observó anemias, linfomas y tumores. No se recomienda para el consumo de niños, puede producir hiperactividad o trastorno por déficit de atención con hiperactividad (TDAH). Puede provocar pérdida de nutrientes, erupciones similares a la urticaria y retención de líquidos. ;2;
E-123;Amaranto, Rojo 9, Rojo ácido 27, Azorrubina S;0;6;Colorante rojo oscuro al morado. Pertenece al grupo de los colorantes azoicos. No confundir con las plantas de la familia Amaranthus, de las que recibe su nombre por la similitud con el color pero no se obtiene de ellas.;En sopas de sobre, bollos, caramelos, gelatinas, pan rallado, helados, fruta confitada, glaseados, pastelería, mermeladas y jaleas.;Debido a que es un colorante azoico puede provocar reacciones alérgicas y/o intolerancia en aquellas personas que se vean afectadas por los salicilatos o aspirina. Además en grandes dosis es un liberador de histamina y puede intensificar los síntomas del asma. No se recomienda el consumo en niños, está implicado en casos de hiperactividad cuando es utilizado en combinación con los benzoatos. Se ha establecido una conexión entre el consumo de amaranto y la producción de tumores en ratas, con efectos mutágenos y teratógenos. En algunas pruebas con animales, ha causado defectos de nacimiento y muertes fetales. Muchos países han prohibido su uso a la espera de pruebas, viéndose la IDA (ingesta diaria admisible) reducida hasta 0'5 miligramos/kilo. Puede provocar pérdida de nutrientes, urticaria, asma y eccema. ;2;
E-124;Ponceau 4R, Amaranto, Rojo cochinilla A, Rojo 7, ;0;6;Colorante rojo intenso. Se obtiene derivado del petróleo. Pertenece al grupo de los colorantes azoicos.;En caramelos, yogures, bebidas, salsas, kétchup, mermeladas de cereza, embutidos, aderezos de mariscos, fresas en conserva, tartas de queso, sopas y pastelería.;Producto químico muy peligroso. Puede provocar hiperactividad, asma, urticaria, insomnio, eczemas, reacciones alérgicas sobre todo entre los que tienen una intolerancia a la aspirina y pérdida de nutrientes. Puede ser cancerígeno, siendo cancerígeno en animales. No se recomienda el consumo en niños, puede producir hiperactividad o trastorno por déficit de atención con hiperactividad (TDAH).;2;
E-125;Escarlata GN, Ponceau SX, Rojo 1, Rojo 4;0;6;Colorante rojo oscuro. Se obtiene derivado del petróleo. Pertenece al grupo de los colorantes azoicos.;En fruta confitada, caramelos y pastelería.;Es muy difícil eliminar por el organismo. Mezclado con analgésicos produce alergias, hipertiroidismo y fototoxicidad. Posible hiperactividad en niños. En grandes dosis es un liberador de histamina y puede aumentar los síntomas del asma y producir eczemas, urticaria e insomnio. Debido a que es un colorante azoico puede provocar intolerancia en personas alérgicas al ácido salicílico. A largo plazo podría ser cancerígeno.  ;2;
E-126;Ponceau 6R, Escarlata cristal, Escarlata cristal brillante, Rojo ácido 44;0;6;Colorante rojo oscuro. Pertenece al grupo de los colorantes azoicos. Se obtiene derivado del petróleo.;En frutos rojos, pastelería y caramelos.;Es muy difícil eliminar por el organismo. Provoca alergias. Debido a que es un colorante azoico puede provocar intolerancia en personas alérgicas al ácido acetilsalicílico. En grandes dosis es un liberador de histamina y puede aumentar los síntomas del asma y producir eccemas, urticaria e insomnio. Posible hiperactividad en niños. Experimentado en ratas se produjeron carcinomas, sarcomas y adenomas.  A largo plazo podría ser cancerígeno.;2;
E-127;Eritrosina, Rojo ácido 51, Rojo 3, Rojo 14;0;6;Colorante rojo al violeta o rosa. Se obtiene derivado del yodo.;En bizcochos, galletas, natillas, dulces, helados, frutos secos, frutas en conserva, panadería, chocolate, chorizo, paté y aceitunas rellenas.;Máximo 0'1 miligramos/kilo. Puede provocar hiperactividad así como una posible conexión con mutagenecidad. Causa un aumento de la fotosensibilidad en las personas sensibles a la luz solar. En grandes concentraciones interfiere con el metabolismo del yodo. Puede producir problemas en el cerebro, alergias, eccemas, hipertiroidismo y fotosensibilidad. A largo plazo podría ser cancerígeno.;2;
E-128;Rojo 2G, Rojo ácido 1, Rojo 10;0;6;Colorante rojo. Pertenece al grupo de los colorantes azoicos. Se obtiene derivado del petróleo. ;"Su uso está restringido en los productos cárnicos y en los de confitería. Normalmente se usa en carnes cocidas, embutidos, salchichas, hamburguesas y pastelería; pero también se puede encontrar en mermeladas y bebidas.";Máximo 0'1 miligramos/kilo. Debido a que es un colorante azoico puede provocar intolerancia en aquellas personas que se vean afectadas por los salicilatos. Además es un liberador de histamina y puede intensificar los síntomas del asma, y producir eccemas, urticaria e insomnio. Así mismo, está implicado en la producción de hiperactividad en niños cuando es utilizado en combinación con los benzoatos. Preocupación de que pueda interferir con la hemoglobina de la sangre. El rojo 2G puede también generar anemia y es posiblemente mutagénico. En el intestino se puede convertir en el compuesto tóxico Anilina y causar graves daños. Consecuentemente su uso ha sido altamente restringido y se ha reducido su IDA (ingesta diaria admisible). A largo plazo podría ser cancerígeno.;2;
E-129;Rojo allura AC, Rojo 40, Rojo 40 lago, Rojo 17;0;6;Colorante rojo oscuro. Pertenece al grupo de los colorantes azoicos. Se obtiene derivado del petróleo. En este momento es el colorante rojo más utilizado.;Su uso está restringido en los productos cárnicos y en los de confitería, helados, yogures, dulces, algodón de azúcar, golosinas, postres, refrescos, bebidas. También se utiliza en tinta para tatuajes, medicamentos y cosméticos.;Máximo 7 miligramos/kilo. Debido a que es un colorante azoico puede provocar intolerancia en aquellas personas que se vean afectadas por los salicilatos. Además es un liberador de histamina y puede intensificar los síntomas del asma, y producir eccemas, urticaria e insomnio. Así mismo, está implicado en la producción de hiperactividad en niños cuando es utilizado en combinación con los benzoatos. En grandes concentraciones causa cáncer de vejiga en animales. Puede ser cancerígeno.;2;
E-130;Azul de antraquinona, Azul de Antracenediona, Azul de Dioxoantraceno, Azul 2N, Azul A y B, Azul AP, Disolvente azul 35 y 36;0;6;Colorante azul oscuro. Se obtiene derivado de la oxidación de Antraceno, un hidrocarburo aromático.;En pastelería. También se utiliza de forma habitual para dar color a la gasolina, y como pigmento en pinturas y esmaltes de calidad.;Al derivar de un hidrocarburo es potencialmente cancerígeno. Produce alergias y urticaria en pocos minutos.;2;
E-131;Azul patente V, Azul patentado 5;0;6;Colorante azul oscuro. Pertenece al grupo de los colorantes azoicos. Se obtiene derivado del petróleo.;En pastelería, helados, recubrimientos de azúcar y bebidas dulces. También se utiliza en medicina en casos de cáncer para la detección de linfomas.;Puede provocar asma, hiperactividad, reacciones alergicas, náuseas, problemas de tensión, temblores, insomnio. Debido a que es un colorante azoico puede provocar intolerancia en personas alérgicas al ácido salicílico. En grandes dosis es un liberador de histamina y puede aumentar los síntomas del asma, y producir eccemas, urticaria e insomnio.  A largo plazo podría ser cancerígeno.;2;
E-132;Indigotina (carmín índigo), Azul 1;0;6;Colorante azul al amarillo. ;En caramelos, helados, bebidas, sopas en polvo, tés, comidas precocinadas, pastelería y galletas. A veces se utiliza en cosméticos. También se utiliza de forma muy habitual para teñir los pantalones vaqueros o jeans.;En dosis bajas hay informes contradictorios. En grandes dosis puede provocar hiperactividad, náuseas, vómitos, hipertensión, reacciones cutáneas, problemas respiratorios y otras reacciones alérgicas. También puede actuar como un liberador de histamina. A largo plazo podría ser cancerígeno y mutágeno.;2;
E-133;Azul brillante FCF, Azul brillante FCP, Azul 2;0;6;Colorante azul. Pertenece al grupo de los colorantes azoicos. Se obtiene derivado del petróleo. ;En conservas, helados, refrescos, bebidas alcohólicas, dulces, chicles, caramelos, productos lácteos, queso azul y pastelería, aunque mayormente se utiliza en cosméticos y productos de higiene personal.;En grandes concentraciones puede acumularse en los riñones y vasos linfáticos. No se recomienda para el consumo de niños. Puede causar hiperactividad, asma, eccemas, urticaria e insomnio. Debido a que es un colorante azoico puede provocar intolerancia en personas alérgicas al ácido acetilsalicílico. Este colorante no es bien absorbido por el intestino y puede teñir las heces de color verde. A largo plazo podría ser cancerígeno.;2;
E-140;Clorofilas, Azul brillante FCF, Verde natural 3, Clorofila magnésica, Feofitina, ;0;1;Colorante verde. Se obtiene por extracción con disolventes de ortigas, hierbas, césped y alfalfa, aunque puede obtenerse de todas las plantas y algas. ;Normalmente se usa en grasas, jabones, hortalizas, aceites, frutas verdes en conserva, chicles, helados, dulces, legumbres, sopas, mostazas, refrescos, caramelos, gelatinas, yogures, quesos, licores y pastelería. También se utiliza en medicamentos y cosméticos.;No se ha encontrado ningún efecto secundario.;0;
E-140i;Clorofila, Verde natural 3, Clorofila magnésica, Feofitina;0;0;Es de color verde. Se obtiene por extracción con disolventes de ortigas, hierbas, césped y alfalfa, aunque puede obtenerse de todas las plantas y algas. ;Se emplea en refrescos, chicles, caramelos, helados, gelatinas, yogures, quesos, conservas vegetales, legumbres, licores y pastelería.;No se ha encontrado ningún efecto secundario.;0;
E-140ii;Clorofilina, Verde natural 5, Clorofilina sódica potásica;0;3;Es de color verde. Es un derivado de la clorofila tratada con cobre. Se obtiene por extracción con disolventes de ortigas, hierbas, césped y alfalfa, aunque puede obtenerse de todas las plantas y algas. Se diferencia de la clorofila porque es soluble en agua.;Se emplea en refrescos, chicles, caramelos, helados, gelatinas, yogures, quesos, conservas vegetales, legumbres, licores y pastelería.;No se ha encontrado ningún efecto secundario. Al calentarse puede liberar cobre, pero la concentración que alcanza no representa niveles tóxicos.;0;
E-141;Complejos cúpricos de clorofilas y clorofilinas, Verde natural 3, Clorofila cúprica, Feofitina;0;3;Colorante verde. Es un derivado de la clorofila tratado con cobre. Se obtiene por extracción con disolventes de ortigas, césped y alfalfa, aunque puede obtenerse de todas las plantas y algas. Adicionalmente, las feofitinas se forman a través de la desesterificación química de la clorofila. Se diferencia de la clorofila porque es soluble en agua.;Normalmente se usa en frutas verdes en conserva y hortalizas, sopas, refrescos, chicles, caramelos, helados, gelatinas, yogures, quesos, conservas vegetales, legumbres, licores y pastelería. ;Al calentarse libera cobre, sin embargo, las concentraciones alcanzadas de este elemento no representan niveles tóxicos aunque podría tener efectos secundarios como asma, reacciones cutáneas y alergias respiratorias. Afecta a las personas que tienen el síndrome de Wilson (desorden del metabolismo del cobre hereditario, se produce una acumulación de cantidades tóxicas de este metal en el hígado, ojos, cerebro y otros órganos).;1;
E-141i;Complejos cúpricos de clorofilas, Verde natural 3, Clorofila cúprica, Feofitina;0;3;Es de color verde. Es un derivado de la clorofila tratado con cobre. Se obtiene por extracción con disolventes de ortigas, césped y alfalfa, aunque puede obtenerse de todas las plantas y algas. Se diferencia de la clorofila porque es soluble en agua.;Se emplea en refrescos, chicles, caramelos, helados, gelatinas, yogures, quesos, conservas vegetales, legumbres, licores y pastelería.;No se ha encontrado ningún efecto secundario. Al calentarse puede liberar cobre, pero la concentración que alcanza no representa niveles tóxicos.;0;
E-141ii;Complejos cúpricos de  clorofilinas, Verde natural 3, Clorofila cúprica, Feofitina;0;3;Es de color verde. Es un derivado de la clorofila tratado con cobre. Se obtiene por extracción con disolventes de ortigas, césped y alfalfa, aunque puede obtenerse de todas las plantas y algas. Se diferencia de la clorofila porque es soluble en agua.;Se emplea en refrescos, chicles, caramelos, helados, gelatinas, yogures, quesos, conservas vegetales, legumbres, licores y pastelería.;No se ha encontrado ningún efecto secundario. Al calentarse puede liberar cobre, pero la concentración que alcanza no representa niveles tóxicos.;0;
E-142;Verde ácido brillante, Complejos cúpricos de clorofilas y clorofilinas, Verde 4, Verde ácido 50, Verde lisamina, Verde brillante BS, Verde S;0;6;Colorante verde intenso al azul. Se obtiene del trifenilmetano, un hidrocarburo.;En dulces, postres, pastelería, helados, pan rallado, conservas vegetales, verduras enlatadas y guisantes cocidos. También se utiliza en medicina en oftalmología.;Potencialmente cancerígeno a largo plazo. Puede provocar hiperactividad, alergias, asma, reacciones cutáneas e insomnio.;2;
E-143;Verde rápido FCF;0;6;Colorante verde.;"En guisantes en lata verde y otros vegetales, jaleas, salsas, pescados, postres y mezclas para panadería; hasta 100 mg / kg.";Se han encontrado efectos tumorales en animales de experimentación, así como efectos mutagénicos en animales experimentales y humanos. Además, se corre el riesgo de irritación de los ojos, la piel, el tracto digestivo y el tracto respiratorio en su forma no diluida.;2;
E-150;Caramelo simple, Caramelo;0;5;Colorante que varía del marrón al pardo. A veces se obtiene a partir del maíz transgénico. Su sabor es algo amargo. Se obtiene por la caramelización con reactivos de azúcares como el jarabe de glucosa o fructosa, extraídos de carbohidratos como por ejemplo el maíz o el trigo, que son los más utilizados en USA y Europa. Se divide en 4 clases de caramelo dependiendo del reactivo utilizado durante su fabricación.;En bebidas refrescantes, bebidas carbonatadas, licores, bebidas alcoholicas, cervezas, dulces, chocolates,  salsas de soja, vinagre balsámico, snacks y otros muchos productos.;En grandes dosis puede provocar problemas intestinales y disminuir la absorción de vitamina B6. Algunos autores creen que podría contener glutamato monosódico y ser cancerígeno y mutágeno.;2;
E-150a;Caramelo cáustico;0;5;Colorante que varía del marrón al pardo. A veces se obtiene a partir del maíz transgénico. Su sabor es algo amargo. Se obtiene por la caramelización con reactivos de azúcares como el jarabe de glucosa o fructosa, extraídos de carbohidratos como por ejemplo el maíz o el trigo, que son los más utilizados en USA y Europa.;En licores y bebidas alcoholicas como el whisky o el ron. También se utiliza en galletas tostadas o integrales para darles una tonalidad más oscura o dorada.;En grandes dosis puede provocar problemas intestinales y disminuir la absorción de vitamina B6.  Algunos autores creen que podría contener glutamato monosódico y ser cancerígeno y mutágeno.;2;
E-150b;Caramelo cáustico de sulfito;0;5;Colorante que varía del marrón al pardo. A veces se obtiene a partir del maíz transgénico. Su sabor es algo amargo. Se obtiene por la caramelización con reactivos de azúcares como el jarabe de glucosa o fructosa, extraídos de carbohidratos como por ejemplo el maíz o el trigo, que son los más utilizados en USA y Europa.;En licores y bebidas alcoholicas como el coñac, el jerez o la crema de whisky. También se emplea en algunos vinagres.;En grandes dosis puede provocar problemas intestinales y disminuir la absorción de vitamina B6. Algunos autores creen que podría contener glutamato monosódico y ser cancerígeno y mutágeno.;2;
E-150c;Caramelo amónico;0;5;Colorante que varía del marrón al pardo. A veces se obtiene a partir del maíz transgénico. Su sabor es algo amargo. Se obtiene por la caramelización con reactivos de azúcares como el jarabe de glucosa o fructosa, extraídos de carbohidratos como por ejemplo el maíz o el trigo, que son los más utilizados en USA y Europa.;En cervezas, bebidas energéticas, cereales para desayuno, salsas y pastelería.;En grandes dosis puede provocar problemas intestinales y disminuir la absorción de vitamina B6. Existe controversia, ya que en pruebas con animales de laboratorio una molécula química produjo casos de cáncer, por lo que se cree que a largo plazo podría ser cancerígeno. Además, algunos autores creen que podría contener glutamato monosódico y ser cancerígeno y mutágeno.;2;
E-150d;Caramelo Sulfito de Amoniaco;0;5;Colorante que varía del marrón al pardo. Su sabor es algo amargo. Se obtiene por la caramelización con reactivos de azúcares como el jarabe de glucosa o fructosa, extraídos de carbohidratos como por ejemplo el maíz o el trigo, que son los más utilizados en USA y Europa.;En cervezas, refrescos de cola, bebidas carbonatadas, gaseosas, sodas, salsas, escabeches, comidas precocinadas, galletas, cereales y pastelería. El aditivo E-150d es muy famoso por ser el que utiliza CocaCola para dar ese color tan característico a su producto más conocido, LA CocaCola, y a todas sus variedades: light, zero, sin cafeína,...;En grandes dosis puede provocar problemas intestinales y disminuir la absorción de vitamina B6 y también disminución de los glóbulos rojos de la sangre. Puede producir hiperactividad, asma y alergias. Existe controversia, ya que en pruebas con animales de laboratorio una molécula química produjo casos de cáncer, por lo que se cree que a largo plazo podría ser cancerígeno. Además, algunos autores creen que podría contener glutamato monosódico y ser cancerígeno y mutágeno. La ingesta máxima diaria es de 200 mg/kg de peso corporal.;1;
E-151;Negro brillante BN, Negro PN, Negro 1;0;6;Colorante negro al azul oscuro. Se obtiene derivado del petróleo.  Pertenece al grupo de colorantes azoicos.;En regaliz, salsas, dulces, huevas de pescado y caviar.;Por la acción del calor se convierte en tóxico y puede producir alteraciones intestinales y alergias. Provocó quistes intestinales en cerdos. Posible hiperactividad en niños. En grandes dosis es un liberador de histamina y puede aumentar los síntomas del asma y producir eccemas, urticaria e insomnio. Debido a que es un colorante azoico puede provocar intolerancia en personas alérgicas al ácido salicílico. A largo plazo podría ser cancerígeno.;2;
E-152;Negro 7984;0;6;Colorante negro al azul oscuro. Se obtiene derivado del petróleo.  Pertenece al grupo de colorantes azoicos.;En pastelería, regaliz, salsas, dulces, huevas de pescado y caviar. También se utiliza en cosméticos.;Por acción del calor se convierte en tóxico y produce reacciones alérgicas. Posible hiperactividad en niños. En grandes dosis es un liberador de histamina y puede aumentar los síntomas del asma y producir eccemas, urticaria e insomnio. Debido a que es un colorante azoico puede provocar intolerancia en personas alérgicas al ácido salicílico. A largo plazo podría ser cancerígeno.;2;
E-153;Carbón vegetal medicinal, Negro Vegetal;0;0;Colorante negro. Se obtiene de cenizas vegetales (producidas al quemar madera, cáscaras de coco y otros residuos vegetales). No confundir con el 'carbón activo', que es carbón vegetal tratado con ácido o con vapor para que sea muy poroso y así hacerlo extra absorbente y eliminar olores, sabores, humos, etc. ;En galletas, conservas vegetales, condimentos, pastelería, cobertura de quesos, zumos, mermeladas, jaleas, regaliz y gelatinas.;Aunque no es tóxico, puese ser peligroso dependiendo de su pureza. Puede contener benzopireno (sustancia tóxica que aparece cuando se queman materias vegetales). Se sospecha que es un agente cancerígeno.;1;
E-154;Marron FK, Marrón 1;0;6;Colorante marrón al rojo. Pertenece al grupo de los colorantes azoicos. Se obtiene derivado del petróleo.;En mermeladas, pastelería, jamones, patatas fritas y productos ahumados.;Experimentos con bacterias han demostrado mutaciones genéticas. Puede provocar asma, rinitis, alergias, eccemas, urticaria, hiperactividad, insomnio y quistes. Debido a que es un colorante azoico puede provocar intolerancia en personas alérgicas al ácido salicílico. Puede producir cáncer, mutaciones genéticas y alergías.;2;
E-155;Marrón chocolate HT, Marrón 3;0;6;Colorante marrón al rojo. Pertenece al grupo de los colorantes azoicos. Se obtiene derivado del petróleo.;En productos de chocolate como bebidas,  galletas, dulces, helados, pastelería y condimentos. También se utiliza en algunos productos cárnicos como las salchichas para darles un aspecto tostado y para marcar con tinta roja las piezas grandes de carne.;Experimentos con bacterias han demostrado mutaciones genéticas. Puede provocar asma, rinitis, alergias, eccemas, urticaria, hiperactividad, insomnio, quistes y problemas renales. Debido a que es un colorante azoico puede provocar intolerancia en personas alérgicas al ácido salicílico. A largo plazo podría ser cancerígeno.;2;
E-160;Beta caroteno, Naranja 5, Carotenoides;0;5;Es de color naranja al amarillo. Se obtiene de forma natural por extracción en zanahorias, aceite de palma y algas, o de forma sintética por biosíntesis de microorganismos. ;En bebidas, refrescos de naranja y limón, zumos, jugos, mantequillas, margarinas, postres, pastelería, dulces, cereales infantiles y comida precocinada. También se utiliza en productos y cremas bronceadoras.;Nuestro cuerpo transforma esta sustancia en vitamina A. No se ha encontrado ningún efecto secundario.;0;
E-160a;Carotenoides, Naranja 5;0;5;Colorante que varía del amarillo al naranja dependiendo del tipo de solvente utilizado para su extracción. Se obtiene de forma natural por extracción en zanahorias, aceite de palma y algas, o de forma sintética por biosíntesis de microorganismos, a partir de transgénicos. ;En bebidas, refrescos de naranja y limón, zumos, jugos, margarinas, mantequillas, bizcochos de café, postres, productos lácteos, yogures, cereales infantiles, comida precocinada, sándwiches y pasteles como colorante anaranjado (vitamina A). También se utiliza en productos y cremas bronceadores.;El organismo lo metaboliza en vitamina A. No se ha encontrado ningún efecto secundario.;0;
E-160b;Annatto, bixina, norbixina, Naranja natural 4, Extracto de Achiote, Onoto, Urucú;0;0;Colorante que varía del rojo al marrón dependiendo del tipo de solvente utilizado para su extracción. Se obtiene de las semillas de un árbol tropical llamado Bixa Orellana. Se divide en 3 clases: Annatto es la denominación dada al extracto crudo, Bixina es la parte del colorante soluble en aceite y Norbixina es la parte soluble en agua. De origen vegetal o por ingeniería genética.;En caramelos, quesos, cereales para desayuno, snacks, postres, helados, embutidos, aceites, mantequillas y margarinas.;No se ha encontrado ningún efecto secundario. Algunas personas pueden presentar pequeñas reacciones alérgicas.;0;
E-160c;Extracto de pimiento (paprika), Oleorresina de Pimentón (ORP), Extracto de Paprika;0;0;Colorante rojo oscuro. De origen natural, se obtiene a partir del pimiento rojo. La mezcla contiene principalmente capsantina y capsorubina.;En cereales, quesos fundidos, lonchas de quesos, pasteles de pollo, embutidos de carne, mayonesas, sopas en polvo, confituras, snacks, golosinas y mermeladas. Se utiliza ampliamente en la alimentación de las aves de corral para profundizar en el color de la yema de huevo.;No se ha encontrado ningún efecto secundario.;0;
E-160d;Licopeno, Amarillo natural 27;0;0;Colorante rojo oscuro. De origen natural, se obtiene a partir de tomates generalmente modificados genéticamente, sandías y hongos.;En postres, salsas, productos de pescado o marisco, sucedáneos vegetales de carne, tomates enlatados, condimentos y suplementos nutricionales.;Tiene un elevado poder antioxidante y actúa protegiendo las células de nuestro cuerpo frente a enfermedades. No se ha encontrado ningún efecto secundario. ;0;
E-160e;Beta-apocarotenal, Naranja 6;0;5;"Colorante naranja al rojo oscuro. De origen natural, se obtiene del caroteno de diversas plantas (zanahorias, aceite de palma y algas); o de forma sintética por biosíntesis de microorganismos. Soluble solamente en aceite y usado en diversos productos.";En bebidas, zumos, jugos, postres, dulces, mantequillas, margarinas, quesos fundidos y comida precocinada. También se utiliza en productos y cremas bronceadoras.;Nuestro cuerpo transforma esta sustancia en vitamina A. No se ha encontrado ningún efecto secundario.;0;
E-160f;Ester etílico ácido beta-apocarotenoico, Naranja 6;0;5;Colorante naranja al rojo oscuro. Se obtiene de forma natural por extracción en zanahorias, aceite de palma y algas, o de forma sintética por biosíntesis de microorganismos. ;En bebidas, zumos, jugos, postres, comida precocinada, mantequillas, margarinas, quesos y repostería como colorante anaranjado. También se utiliza en productos y cremas bronceadoras.;Nuestro cuerpo transforma esta sustancia en vitamina A. No se ha encontrado ningún efecto secundario.;0;
E-161;Xantofilas, Xantinas, Filoxantinas;0;5;"Colorante amarillo, naranja y rojo. De origen natural, se obtiene por medio de plantas carotenóides, hojas, flores, frutas, verduras, huevos y crustáceos; o mediante síntesis química. Son carotenoides oxigenados. Se dividen en 9 clases según su procedencia: Flavoxantina (E161a), Luteína (E161b), Criptoxantina (E161c), Rubixantina (E161d), Violaxantina (E161e), Rodoxantina (E161f), Cantaxantina (E161g), Zeaxantina (E161h) y Astaxantina (E161j).";En salchichas, sopas en polvo, bebidas alcohólicas, galletas y pastelería. También se utiliza en el pienso para truchas, salmones y gallinas para que la carne de los animales y sus huevos tengan un color más intenso.;Puede poducir alteraciones de la visión.;1;
E-161a;Flavoxantina;0;0;Colorante amarillo. De origen natural, se obtiene a partir de los pétalos de ranúnculos (un tipo de flores).;Es raramente usado y se emplea solamente en productos de confitería.;Máximo 5 miligramos/kilo. Existen muy pocos informes.;1;
E-161b;Luteína;0;0;Colorante amarillo. De origen natural, se obtiene a partir del césped, de las ortigas, tagetes (un tipo de flores) o de los pétalos de caléndula.;En mayonesas, mermeladas, crepas, sopas en polvo, queso fundido, productos de pescado o marisco, refrescos y bebidas alcohólicas. También se utiliza en el pienso de las gallinas para que los huevos y la piel tengan un color más intenso.;Asma, urticaria y rinitis. Atención especial en alérgicos al huevo. En grandes dosis puede prevenir a largo plazo problemas oculares, como la degeneración macular o las cataratas.;1;
E-161c;Criptoxantina;0;0;Colorante amarillo. De origen natural, extraído de diversas plantas, como los pétalos de Physalis, un tipo de flor.;Es raramente usado y se emplea solamente en productos de confitería.;Máximo 5 miligramos/kilo. Posee cierta actividad de vitamina A.;1;
E-161d;Rubixantina, Amarillo natural 27;0;0;Colorante amarillo. Se obtiene por extracción de rosa mosqueta o escaramujo. ;Normalmente se usa en margarinas, confitería y pastelería como colorante amarillo.;Es considerado como tolerable. Existen muy pocos informes, no se ha encontrado ningún efecto secundario.;1;
E-161e;Violaxantina;0;0;Es de color naranja al rojo. Se obtiene por extracción de los pétalos de pensamientos, un tipo de flor.;Se emplea solamente en productos de confitería.;Existen muy pocos informes.;1;
E-161f;Rodoxantina;0;0;Se obtiene por extracción de los pétalos de tejo o taxus baccata, un tipo de flor.;Normalmente se usa en productos de confitería, helados, margarinas y pastelería.;Es considerado como tolerable. Existen muy pocos informes, y no se ha encontrado ningún efecto secundario.;1;
E-161g;Cantaxantina, Naranja 8;0;5;Colorante amarillo anaranjado. De obtiene de forma natural de champiñones y crustáceos o de forma sintética por biosíntesis de levaduras y bacterias. ;Normalmente se usa en cápsulas para broncearse, salchichas y galletas como colorante naranja. También se utiliza en el pienso para truchas, salmones y gallinas para que la carne de los animales y sus huevos tengan un color más intenso.;Puede resultar tóxico para el hígado y depositar partículas de cristal en la retina (daños irreversibles).;2;
E-161h;Zeaxantina, Citranaxantina;0;0;De color naranja al rojo. Se obtiene por extracción de algas, bacterias y vegetales de la familia Zea.;Solamente en productos de confitería.;No se ha encontrado ningún efecto secundario. En grandes dosis puede prevenir a largo plazo problemas oculares como la degeneración macular o las cataratas.;0;
E-161j;Astaxantina;0;5;Es de color naranja al rojo. Se obtiene de forma natural por extración de pescados grasos, krill, camarones, cangrejos, moluscos y crustáceos o de forma sintética por biosíntesis de microalgas, levaduras y bacterias. ;En salchichas. También se utiliza en el pienso para truchas, salmones y gallinas para que la carne de los animales y sus huevos tengan un color más intenso.;No se ha encontrado ningún efecto secundario. Este derivado de los carotenoides no se transforma en vitamina A por lo que es apto para personas que tengan problemas de toxicidad derivados de esta vitamina. En grandes dosis puede prevenir a largo plazo problemas oculares como la degeneración macular o las cataratas.;0;
E-162;Rojo remolacha, Betanina;0;1;Colorante rojo al morado. De origen natural, obtenido del extracto de remolacha.;Normalmente se usa en snacks, chips, refrescos, caramelos, conservas, mermeladas, gelatinas, productos lácteos, yogures, algodón de azúcar, queso fresco, pastelería y confitería. También se utiliza en la coloración de carnes y embutidos.;No se ha encontrado ningún efecto secundario.;0;
E-163;Antocianinas;0;1;Colorante rosa, rojo, morado, violeta, naranja, marrón y azul. Se obtienen del extracto de piel de uvas negras por ser el método más económico, pero también se extraen de frutos rojos, arándanos, moras, frambuesas, cerezas, bayas, maíz morado, rábanos y lombarda. Se divide en 6 clases según su procedencia: Cianidina (E163a), Delfinidina (E163b), Malvidina (E163c), Pelargonidina (E164d), Peonidina (E164e) Y Petunidina (E165f).;En pastelería, bebidas, refrescos, yogures, lácteos, golosinas y dulces.;No se ha encontrado ningún efecto secundario. Además tienen potentes efectos antioxidantes contra enfermedades del corazón, cáncer y diabetes.;0;
E-163a;Cianidina;0;0;De color rojo. Se obtiene del extracto de piel de uvas negras por ser el método más económico, pero también se extrae de frutos rojos, arándanos, moras, frambuesas, cerezas, bayas, maíz morado, rábanos y lombarda.;En bebidas, refrescos, yogures, lácteos, golosinas, dulces y pastelería.;No se ha encontrado ningún efecto secundario. Tiene potentes efectos antioxidantes contra enfermedades del corazón, cáncer y diabetes.;0;
E-163b;Delfinidina;0;0;De color azul. Se obtiene del extracto de uvas negras por ser el método más económico, pero también se extrae de frutos rojos, arándanos, moras, frambuesas, cerezas, bayas, maíz morado, rábanos y lombarda.;En bebidas, refrescos, yogures, lácteos, golosinas, dulces y pastelería.;No se ha encontrado ningún efecto secundario. Además tienen potentes efectos antioxidantes contra enfermedades del corazón, cáncer y diabetes.;0;
E-163c;Malvidina;0;0;De color morado. Se obtiene del extracto de piel de uvas negras por ser el método más económico, pero también se extrae de frutos rojos, arándanos, moras, frambuesas, cerezas, bayas, maíz morado, rábanos y lombarda.;En pastelería, bebidas, refrescos, yogures, lácteos, golosinas y dulces.;No se ha encontrado ningún efecto secundario. Además tienen potentes efectos antioxidantes contra enfermedades del corazón, cáncer y diabetes.;0;
E-164d;Pelargonidina;0;0;De color naranja. Se obtiene del extracto de piel de uvas negras por ser el método más económico, pero también se extrae de frutos rojos, arándanos, moras, frambuesas, cerezas, bayas, maíz morado, rábanos y lombarda.;En bebidas, refrescos, yogures, lácteos, golosinas, dulces y pastelería.;No se ha encontrado ningún efecto secundario. Además tienen potentes efectos antioxidantes contra enfermedades del corazón, cáncer y diabetes.;0;
E-164e;Peonidina;0;0;De color rojo al marrón. Se obtiene del extracto de piel de uvas negras por ser el método más económico, pero también se extrae de frutos rojos, arándanos, moras, frambuesas, cerezas, bayas, maíz morado, rábanos y lombarda.;En bebidas, refrescos, yogures, lácteos, golosinas, dulces y pastelería.;No se ha encontrado ningún efecto secundario. Además tienen potentes efectos antioxidantes contra enfermedades del corazón, cáncer y diabetes.;0;
E-165f;Petunidina;0;0;De color rojo oscuro. Se obtiene del extracto de piel de uvas negras por ser el método más económico, pero también se extrae de frutos rojos, arándanos, moras, frambuesas, cerezas, bayas, maíz morado, rábanos y lombarda.;En bebidas, refrescos, yogures, lácteos, golosinas, dulces y pastelería.;No se ha encontrado ningún efecto secundario. Además tienen potentes efectos antioxidantes contra enfermedades del corazón, cáncer y diabetes.;0;
E-170;Carbonato cálcico;0;0;Blanco o gris. Se obtiene de la roca caliza. ;En pan, pastelería, helados y vitaminas como antiadherente.;No se ha encontrado ningún efecto secundario.;0;
E-170i;Carbonato de calcio, Creta, Blanco 18, CI Pigment White 18;0;0;De color blanco al gris. Se obtiene de roca caliza molida.;En productos de panadería, bebidas con calcio, cereales para desayuno, frutas enlatadas y pastelería.;No se ha encontrado ningún efecto secundario.;0;
E-170ii;Bicarbonato de calcio, Carbonato ácido de calcio, creta, blanco 18, CI Pigment white 18;0;0;De color blanco al gris. Se obtiene de roca caliza molida.;En productos de panadería, bebidas con calcio, cereales para desayuno, frutas enlatadas y pastelería.;No se ha encontrado ningún efecto secundario.;0;
E-171;Bióxido de titanio, Dióxido de titanio;0;6;Blanco. Se obtiene por la combinación de 2 átomos de oxígeno con titanio.;En requesón, decoración de pasteles y pastillas de vitaminas como colorante blanco.;Puede bloquear la respiración celular, en especial en riñones e hígado. Puede ser cancerígeno.;2;
E-172;Óxido de hierro;0;6;Amarillo, marrón, negro y rojo. Se obtiene de la oxidación del hierro.;En pastas, en conservas, mermeladas, escabeches, reposteria, chicles, píldoras y comprimidos como colorante amarillo-rojo.;Carcinógeno débil, puede bloquear la respiración celular.;2;
E-173;Aluminio;0;6;Gris o plateado. Se obtiene del aluminio en polvo. ;"En la decoración de productos de confitería como colorante metálico y para producir el medicamento ""Almax"" contra el ardor.";Tóxico para el organismo. Puede bloquear la respiración celular, producir anomalías esqueléticas y aumentar la aparición precoz del Parkinson y Alzheimer. Potencia la enfermedad de Alzheimer y resulta tóxico para los riñones.;2;
E-174;Plata;0;0;Colorante mineral plateado.;En mermeladas, decoración de tartas y pasteles fondant y productos ahumados como colorante marrón.;El organismo no lo puede eliminar. Intoxicación y decoloración de la piel. Puede bloquear la respiracion celular, las sales de plata son tóxicas para el organismo.;2;
E-175;Oro;0;0;Colorante mineral dorado.;En confitería y embutidos como colorante metálico.;Puede provocar alteraciones en la sangre. Puede bloquear la respiración celular.;2;
E-180;Pigmento rubí (Litolrubina BK), Pigmento rojo;0;5;Rojo. Pertenece al grupo de colorantes azoicos.;En la corteza de los quesos como colorante rojo.;Asma, hiperactividad, reacciones cutáneas e insomnio. Podría ser cancerígeno.;2;
E-181;Tierra sombra quemada;0;5;De color tierra. Es obtenido por combustión de hierro, manganeso, calcio y aluminio.;En la corteza de ciertos quesos.;Puede causar problemas estomacales y constricción de las arterias.;2;
E-182;Orceína, Orcina, Orcilla, Rojo cítrico 3, Oricello, Urcilla;0;0;De color rojo al morado. Se obtiene por síntesis de algunos líquenes (hongos).;En mermeladas, galletas, dulces, pastelería y sopas en polvo.;;1;
E-200;Ácido sórbico;1;6;Se obtiene de la naturaleza pero es producido a través de diferentes métodos químicos.;En yogures, bebidas sin alcohol, caramelos, queso en lonchas y para untar, bizcochos, bollos, pan de molde, salsas, mayonesas, lácteos, mantequillas, margarinas, mermeladas de frutas, pan de centeno, refrescos, bebidas energéticas, dulces, fruta seca, productos vegetales, aceitunas, embutidos y productos cárnicos.;Puede reaccionar con los nitritos y causar alteraciones en espermatozoides y óvulos, también puede producir alergias. No se recomienda consumir más de 10 mg/día porque podría provocar diarreas y cálculos renales.;0;
E-201;Sorbato de sodio;1;6;Es un derivado del ácido sórbico (E-200). Se obtiene de la naturaleza pero es producido a través de diferentes métodos químicos.;En pizzas congeladas, leche, yogures, pan de molde y pan de centeno como conservante.;Puede reaccionar con los nitritos y causar alteraciones en espermatozoides y óvulos, también puede producir alergias.;0;
E-202;Sorbato potásico;1;6;Se obtiene de la naturaleza pero es producido a través de diferentes métodos químicos.;En margarina, yogur, pizzas, mantequilla, leche, yogures, pan de molde y pan de centeno como conservante.;Puede reaccionar con los nitritos y causar alteraciones en espermatozoides y óvulos, también puede producir alergias.;0;
E-203;Sorbato cálcico;1;4;Se obtiene de la naturaleza pero es producido a través de diferentes métodos químicos.;En yogures y alimentos con leche fermentada como conservante.;Puede reaccionar con los nitritos y causar alteraciones en espermatozoides y óvulos, también puede producir alergias.;0;
E-210;Ácido benzoico;1;6;Conservante químico derivado del benzeno. ;En cervezas, escabeches, mermeladas, zumos, yogures, mariscos en conserva y en el caviar.;Mucho más tóxico que las fuentes contenidas en los vegetales. Sustancia ajena al organismo humano. Puede presentar problemas toxicológicos y alergias. Su acumulación en el organismo puede producir riesgo de cáncer. Produce asma y urticaria si se toma al mismo tiempo que algunos colorantes. En estudios llevados a cabo con animales provocó ataques epilépticos. En ratas redujo el crecimiento. Además el benzeno afecta a la sangre y está relacionado con la leucemia tanto en animales como en personas. Atención: Si se mezcla con el E222 provoca problemas neurológicos. Además. puede provocar alteraciones digestivas.;2;
E-211;Benzoato sódico;1;6;Conservante sintético derivado del ácido benzoico (E210).;En pasteles, bebidas no alcohólicas, mariscos en conserva y en el caviar.;Sustancia ajena al organismo humano. Puede presentar problemas toxicológicos y alergias. Su acumulación en el organismo puede producir riesgo de cáncer. Produce asma y urticaria si se toma al mismo tiempo que algunos colorantes. En estudios llevados a cabo con animales provocó ataques epilépticos. En ratas redujo el crecimiento. Atención: Si se mezcla con el E222 provoca problemas neurológicos. Además, puede provocar alteraciones digestivas.;2;
E-212;Benzoato potásico;1;0;Conservante sintético derivado del ácido benzoico (E210).;En margarinas, zumos, aceitunas, mariscos en conserva y en el caviar.;Sustancia ajena al organismo humano. Puede presentar problemas toxicológicos y alergias. Su acumulación en el organismo puede producir riesgo de cáncer. Produce asma y urticaria si se toma al mismo tiempo que algunos colorantes. En estudios llevados a cabo con animales provocó ataques epilépticos. En ratas redujo el crecimiento. Atención: Si se mezcla con el E222 provoca problemas neurológicos. Además,puede provocar alteraciones digestivas.;2;
E-213;Benzoato cálcico;1;4;Conservante sintético derivado del ácido benzoico (E210).;En margarinas, zumos, aceitunas, mariscos en conserva y en el caviar.;Sustancia ajena al organismo humano. Puede presentar problemas toxicológicos y alergias. Su acumulación en el organismo puede producir riesgo de cáncer. Produce asma y urticaria si se toma al mismo tiempo que algunos colorantes. En estudios llevados a cabo con animales provocó ataques epilépticos. En ratas redujo el crecimiento. Atención: Si se mezcla con el E222 provoca problemas neurológicos.;2;
E-214;Etil P-hidroxibenzoato;1;6;Conservante sintético derivado del ácido benzoico (E210).;En zumos, café instantáneo, mermeladas, escabeches, remolachas, mariscos en conserva y en el caviar.;Sustancia ajena al organismo humano. Puede presentar problemas toxicológicos y alergias. Su acumulación en el organismo puede producir riesgo de cáncer. Produce asma y urticaria si se toma al mismo tiempo que algunos colorantes. En estudios llevados a cabo con animales provocó ataques epilépticos. En ratas redujo el crecimiento. Atención: Si se mezcla con el E222 provoca problemas neurológicos.;2;
E-215;Etil P-hidroxibenzoato de sodio;1;6;Conservante sintético derivado del ácido benzoico (E210).;En panadería, condimentos, frutas, salsas, conservas, refrescos, cervezas, mariscos en conserva y en el caviar.;Sustancia ajena al organismo humano. Puede presentar problemas toxicológicos y alergias. Su acumulación en el organismo puede producir riesgo de cáncer. Produce asma y urticaria si se toma al mismo tiempo que algunos colorantes. En estudios llevados a cabo con animales provocó ataques epilépticos. En ratas redujo el crecimiento. Atención: Si se mezcla con el E222 provoca problemas neurológicos.;2;
E-216;Propil P-hidroxibenzoato;1;6;Conservante sintético derivado del ácido benzoico (E210).;En pepinillos, bebidas sin alcohol, cervezas, remolacha, mariscos en conserva y en el caviar.;Sustancia ajena al organismo humano. Puede presentar problemas toxicológicos y alergias. Su acumulación en el organismo puede producir riesgo de cáncer. Produce asma y urticaria si se toma al mismo tiempo que algunos colorantes. En estudios llevados a cabo con animales provocó ataques epilépticos. En ratas redujo el crecimiento. Atención: Si se mezcla con el E222 provoca problemas neurológicos.;2;
E-217;Propil P-hidroxibenzoato de sodio;1;6;Conservante sintético derivado del ácido benzoico (E210). ;En salsas, conservas, refrescos, mariscos en conserva y en el caviar.;Sustancia ajena al organismo humano. Puede presentar problemas toxicológicos y alergias. Su acumulación en el organismo puede producir riesgo de cáncer. Produce asma y urticaria si se toma al mismo tiempo que algunos colorantes. En estudios llevados a cabo con animales provocó ataques epilépticos. En ratas redujo el crecimiento. Atención: Si se mezcla con el E222 provoca problemas neurológicos.;2;
E-218;Metil P-hidroxibenzoato;1;6;Conservante sintético derivado del ácido benzoico (E210).;En frutas escarchadas, sopas de sobre, mariscos en conserva y en el caviar.;Sustancia ajena al organismo humano. Puede presentar problemas toxicológicos y alergias. Su acumulación en el organismo puede producir riesgo de cáncer. Produce asma y urticaria si se toma al mismo tiempo que algunos colorantes. En estudios llevados a cabo con animales provocó ataques epilépticos. En ratas redujo el crecimiento. Atención: Si se mezcla con el E222 provoca problemas neurológicos.;2;
E-219;Metil P-hidroxibenzoato de sodio;1;6;Conservante sintético derivado del ácido benzoico (E210).;En café instantáneo, cremas para postre, mariscos en conserva y en el caviar.;Sustancia ajena al organismo humano. Puede presentar problemas toxicológicos y alergias. Su acumulación en el organismo puede producir riesgo de cáncer. Produce asma y urticaria si se toma al mismo tiempo que algunos colorantes. En estudios llevados a cabo con animales provocó ataques epilépticos. En ratas redujo el crecimiento. Atención: Si se mezcla con el E222 provoca problemas neurológicos. Se ha demostrado que el blanqueo de la harina no es saludable para la salud;2;
E-220;Dióxido de azufre (Sulfitos);1;6;u uso no está permitido en productos cárnicos, ya que podría enmascarar el deterioro bacteriano caracterizado por la decoloración. Los conocidos sulfitos que lleva el vino se forman al poner en contacto el dióxido de azufre con disoluciones alcalinas.;En vinos, cervezas, ensaladas, caramelos, zumos de frutas, yemas de huevo y los productos que la contienen. También es usado como mejorador del pan, ya que su acción mejora la capacidad de amasado del pan.;Se ha demostrado que el blanqueo de la harina no es saludable para la salud. Provoca irritaciones en el tubo digestivo. Hace inactiva la vitamina B1 y su consumo prolongado puede producir avitaminosis (carencia de vitaminas en el organismo). Además provoca dolores de cabeza, náuseas, vómitos, alergia, irritación de los brónquios y asma. Está contraindicado para personas con problemas de hígado, riñón y asmáticos.;2;
E-221;Sulfito sódico;1;6;Su uso no está permitido en productos cárnicos, ya que podría enmascarar el deterioro bacteriano caracterizado por la decoloración. Los conocidos sulfitos que lleva el vino se forman al poner en contacto el dióxido de azufre con disoluciones alcalinas.;En vinos, cervezas, ensaladas, caramelos, zumos de frutas, yemas de huevo y los productos que la contienen. También es usado como mejorador del pan, ya que su acción mejora la capacidad de amasado del pan.;Se ha demostrado que el blanqueo de la harina no es saludable para la salud. Provoca irritaciones en el tubo digestivo. Hace inactiva la vitamina B1 y su consumo prolongado puede producir avitaminosis (carencia de vitaminas en el organismo). Además provoca dolores de cabeza, náuseas, vómitos, alergia, irritación de los brónquios y asma. Está contraindicado para personas con problemas de hígado, riñón y asmáticos.;2;
E-222;Sulfito ácido de sodio;1;6;Su uso no está permitido en productos cárnicos, ya que podría enmascarar el deterioro bacteriano caracterizado por la decoloración. Los conocidos sulfitos que lleva el vino se forman al poner en contacto el dióxido de azufre con disoluciones alcalinas.;En vinos, cervezas, ensaladas, caramelos, zumos de frutas, yemas de huevo y los productos que la contienen. También es usado como mejorador del pan, ya que su acción mejora la capacidad de amasado del pan.;Se ha demostrado que el blanqueo de la harina no es saludable para la salud. Provoca irritaciones en el tubo digestivo. Hace inactiva la vitamina B1 y su consumo prolongado puede producir avitaminosis (carencia de vitaminas en el organismo). Además provoca dolores de cabeza, náuseas, vómitos, alergia, irritación de los brónquios y asma. Está contraindicado para personas con problemas de hígado, riñón y asmáticos.;2;
E-223;Metabisulfito sódico;1;6;Su uso no está permitido en productos cárnicos, ya que podría enmascarar el deterioro bacteriano caracterizado por la decoloración. Los conocidos sulfitos que lleva el vino se forman al poner en contacto el dióxido de azufre con disoluciones alcalinas.;En vinos, cervezas, ensaladas, caramelos, zumos de frutas, yemas de huevo y los productos que la contienen. También es usado como mejorador del pan, ya que su acción mejora la capacidad de amasado del pan.;Se ha demostrado que el blanqueo de la harina no es saludable para la salud. Provoca irritaciones en el tubo digestivo. Hace inactiva la vitamina B1 y su consumo prolongado puede producir avitaminosis (carencia de vitaminas en el organismo). Además provoca dolores de cabeza, náuseas, vómitos, alergia, irritación de los brónquios y asma. Está contraindicado para personas con problemas de hígado, riñón y asmáticos.;2;
E-224;Metabisulfito potásico;1;6;Su uso no está permitido en productos cárnicos, ya que podría enmascarar el deterioro bacteriano caracterizado por la decoloración. Los conocidos sulfitos que lleva el vino se forman al poner en contacto el dióxido de azufre con disoluciones alcalinas.;En vinos, cervezas, ensaladas, caramelos, zumos de frutas, yemas de huevo y los productos que la contienen. También es usado como mejorador del pan, ya que su acción mejora la capacidad de amasado del pan.;Se ha demostrado que el blanqueo de la harina no es saludable para la salud. Provoca irritaciones en el tubo digestivo. Hace inactiva la vitamina B1 y su consumo prolongado puede producir avitaminosis (carencia de vitaminas en el organismo). Además provoca dolores de cabeza, náuseas, vómitos, alergia, irritación de los brónquios y asma. Está contraindicado para personas con problemas de hígado, riñón y asmáticos.;2;
E-225;Sulfito potásico;1;6;Su uso no está permitido en productos cárnicos, ya que podría enmascarar el deterioro bacteriano caracterizado por la decoloración. Los conocidos sulfitos que lleva el vino se forman al poner en contacto el dióxido de azufre con disoluciones alcalinas.;En vinos, cervezas, ensaladas, caramelos, zumos de frutas, yemas de huevo y los productos que la contienen. También es usado como mejorador del pan, ya que su acción mejora la capacidad de amasado del pan.;Se ha demostrado que el blanqueo de la harina no es saludable para la salud. Provoca irritaciones en el tubo digestivo. Hace inactiva la vitamina B1 y su consumo prolongado puede producir avitaminosis (carencia de vitaminas en el organismo). Además provoca dolores de cabeza, náuseas, vómitos, alergia, irritación de los brónquios y asma. Está contraindicado para personas con problemas de hígado, riñón y asmáticos.;2;
E-226;Sulfito cálcico;1;6;Su uso no está permitido en productos cárnicos, ya que podría enmascarar el deterioro bacteriano caracterizado por la decoloración. Los conocidos sulfitos que lleva el vino se forman al poner en contacto el dióxido de azufre con disoluciones alcalinas.  ;En vinos, cervezas, ensaladas, caramelos, zumos de frutas, yemas de huevo y los productos que la contienen. También es usado como mejorador del pan, ya que su acción mejora la capacidad de amasado del pan.;Se ha demostrado que el blanqueo de la harina no es saludable para la salud. Provoca irritaciones en el tubo digestivo. Hace inactiva la vitamina B1 y su consumo prolongado puede producir avitaminosis (carencia de vitaminas en el organismo). Además provoca dolores de cabeza, náuseas, vómitos, alergia, irritación de los brónquios y asma. Está contraindicado para personas con problemas de hígado, riñón y asmáticos.;2;
E-227;Sulfito ácido de potasio;1;6;Su uso no está permitido en productos cárnicos, ya que podría enmascarar el deterioro bacteriano caracterizado por la decoloración. Los conocidos sulfitos que lleva el vino se forman al poner en contacto el dióxido de azufre con disoluciones alcalinas.;En vinos, cervezas, ensaladas, caramelos, zumos de frutas, yemas de huevo y los productos que la contienen. También es usado como mejorador del pan, ya que su acción mejora la capacidad de amasado del pan.;Se ha demostrado que el blanqueo de la harina no es saludable para la salud. Provoca irritaciones en el tubo digestivo. Hace inactiva la vitamina B1 y su consumo prolongado puede producir avitaminosis (carencia de vitaminas en el organismo). Además provoca dolores de cabeza, náuseas, vómitos, alergia, irritación de los brónquios y asma. Está contraindicado para personas con problemas de hígado, riñón y asmáticos.;2;
E-228;Sulfito ácido de potasio;1;6;Se obtiene derivado de la combustión de minerales con azufre. Los conocidos sulfitos que lleva el vino se forman al poner en contacto el dióxido de azufre con disoluciones alcalinas. ;Se utiliza para prevenir enzimas, bacterias y evitar la pérdida de color en carnes rojas, frutos secos y vegetales. En panadería se utiliza para mejorar la capacidad de amasado del pan. Se emplea en vinos, cervezas, vinagres, salsas, bebidas refrescantes, carnes, vegetales en conserva, frutos secos, legumbres, ensaladas, gambas, marisco congelado, caramelos, zumos, jugos, encurtidos, galletas, postres dulces y productos que contienen huevo. No se recomienda el consumo de carne fresca envasada con este aditivo porque se podría enmascarar el deterioro bacteriano caracterizado por la decoloración.;En dosis bajas provoca irritaciones en el tubo digestivo y hace inactiva la vitamina B. A largo plazo su consumo regular podría producir avitaminosis (déficit de vitaminas en el organismo). En grandes dosis puede provocar dolores de cabeza, náuseas, vómitos, alergia, irritación de los bronquios y asma.;2;
E-230;Difenilo (bifenilo);1;6;Conservante sintético derivado del alquitrán de hulla.;En la piel de los cítricos, de los plátanos y como pesticida. ;No se debe consumir la piel de las frutas tratadas con este aditivo y es preferible lavarse las manos antes de comer el interior. No desaparece al lavar con agua. Algunas veces las frutas también son sumergidas en una solución líquida, la cual penetra lentamente en su piel y por ello puede estar también presente en el interior de la fruta. Puede ser cancerígeno y producir convulsiones, nauseas, vómitos, parálisis del sistema nervioso, alergias, dermatosis e irritación de los ojos;2;
E-231;Ortofenil fenol;1;6;Conservante sintético derivado del alquitrán de hulla.;En la piel de los cítricos, de los plátanos y como pesticida. ;No se debe consumir la piel de las frutas tratadas con este aditivo y es preferible lavarse las manos antes de comer el interior. No desaparece al lavar con agua. Algunas veces las frutas también son sumergidas en una solución líquida, la cual penetra lentamente en su piel y por ello puede estar también presente en el interior de la fruta. Puede ser cancerígeno y producir convulsiones, nauseas, vómitos, parálisis del sistema nervioso, alergias, dermatosis e irritación de los ojos;2;
E-232;Ortofenil fenolato sódico;1;6;Conservante sintético derivado del alquitrán de hulla.;En la piel de los cítricos, de los plátanos y como pesticida. ;No se debe consumir la piel de las frutas tratadas con este aditivo y es preferible lavarse las manos antes de comer el interior. No desaparece al lavar con agua. Algunas veces las frutas también son sumergidas en una solución líquida, la cual penetra lentamente en su piel y por ello puede estar también presente en el interior de la fruta. Puede ser cancerígeno y producir convulsiones, nauseas, vómitos, parálisis del sistema nervioso, alergias, dermatosis e irritación de los ojos;2;
E-233;Tiabendazol;1;6;Conservante sintético derivado del alquitrán de hulla.;En la piel de los cítricos, de los plátanos y como pesticida. ;No se debe consumir la piel de las frutas tratadas con este aditivo y es preferible lavarse las manos antes de comer el interior. No desaparece al lavar con agua. Algunas veces las frutas también son sumergidas en una solución líquida, la cual penetra lentamente en su piel y por ello puede estar también presente en el interior de la fruta. Puede ser cancerígeno y producir convulsiones, nauseas, vómitos, parálisis del sistema nervioso, alergias, dermatosis e irritación de los ojos;2;
E-234;Nisina;1;4;Conservante antibiótico.;Se usa principalmente contra los hongos. Se emplea en algunos quesos para untar, pasteles de sémola, cremas y frutas enlatadas.;Náuseas, vómitos, anorexia, reacciones cutáneas y diarreas.;1;
E-235;Pimaricina (natamicina);1;6;Conservante antibiótico.;Se usa principalmente contra los hongos. Se emplea en la superficie exterior de los quesos, salchichas y salchichones.;Náuseas, vómitos, anorexia, reacciones cutáneas y diarreas.;1;
E-236;Ácido fórmico;1;4;Conservante utilizado contra muchos microorganismos. Debido a su fuerte olor su uso es muy limitado.;Se emplea principalmente en los quesos provolone aunque también se utiliza en bebidas, dulces, productos de panadería y helados.;Este aditivo químico puede ser cancerígeno y tóxico para los riñones. Puede producir un bloqueo de los enzimas ferruginosas. Es venenoso en grandes dosis.;2;
E-237;Formiato de sodio;1;4;Conservante utilizado contra muchos microorganismos. Debido a su fuerte olor su uso es muy limitado.;Se emplea principalmente en los quesos provolone aunque también se utiliza en bebidas, dulces, productos de panadería y helados.;Este aditivo químico puede ser cancerígeno y tóxico para los riñones. Puede producir un bloqueo de los enzimas ferruginosas. Es venenoso en grandes dosis.;2;
E-238;Formiato de calcio;1;6;Conservante utilizado contra muchos microorganismos.;En bebidas con calcio aunque principalmente se utiliza como conservante de comida para animales.;Este aditivo químico puede ser cancerígeno y tóxico para los riñones. Puede producir un bloqueo de los enzimas ferruginosas. Es venenoso en grandes dosis.;2;
E-239;Hexametilentetramina;1;6;Conservante sintético derivado del amoniaco y del formaldehído.;En conservas de pescado, caviar y cortezas de quesos provolone. También se utiliza como desinfectante en medicina y en algunos productos cosméticos.;Provoca mutaciones genéticas en animales de laboratorio. Puede provocar urticaria, problemas gástricos y urinarios. Puede ser cancerígeno.;2;
E-240;Ácido bórico;1;6;Conservante antiséptico.;En productos marinos que han sido procesados.;Según la OMS es inaceptable como aditivo alimentario a pesar de que aún se usa por algunos fabricantes. Los iones bóricos se oponen a la síntesis de la glutamina en el cerebro.;2;
E-241;Tetraborato de sodio;1;6;Conservante antiséptico.;En pescados y en el caviar.;Según la OMS es inaceptable como aditivo alimentario a pesar de que aún se usa por algunos fabricantes. Los iones bóricos se oponen a la síntesis de la glutamina en el cerebro.;2;
E-242;Dimetil dicarbonato;1;6;Conservante químico.;Para esterilizar bebidas refrescantes en frío.;Libera importantes cantidades de metanol al descomponerse.;2;
E-243;Etil Lauroil Arginato, Arginato Laúrico, Lauramida Arginina, Éster Etílico LAE, Arginato HCI;1;6;Se utiliza para inhibir la proliferación de microorganismos nocivos como la Listeria Monocytogenes.;En productos cárnicos tratados térmicamente excepto en salchichas ahumadas, emulsionadas y en el paté de hígado.;Máximo 0,5 mg/kilo por persona para todos los grupos de población. Este aditivo es de reciente creación y está en estudio, por lo que hay pocos informes.;1;
E-249;Nitrito potásico;1;6;Conservante químico.;Su empleo sólo está autorizado en embutidos, salazones, patés, beicon tratado y en algunos productos certificados como biológicos.;Podría impedir el transporte de oxígeno en la sangre (metahemoglobinemia) y reaccionar con otros aditivos volviéndose más tóxico y cancerígeno. Podría provocar ahogo, vértigos y dolores de cabeza. Muy peligroso en niños.;2;
E-250;Nitrito sódico;1;6;Conservante químico.;En productos elaborados con carne, jamón o pescado.;Máximo 0,06 miligramos/kilo. Al mezclarse con cloruro de sodio se transforma en las posiblemente carcinogénicas nitrosaminas, las cuales se forman en el estómago a partir de nitritos y proteínas. A altas concentraciones puede reaccionar con la hemoglobina. Su uso no está permitido en productos dirigidos a niños menores de 6 meses ya que tienen un tipo diferente de hemoglobina, la cual es mucho más reactiva hacia los nitratos que la hemoglobina normal.;2;
E-251;Nitrato sódico;1;6;Conservante químico. Actualmente se obtiene por síntesis química a partir del ácido nítrico.;Para conservar embutidos, carnes, productos cárnicos, quesos, alimentos curados y algunas pizzas. También puede existir contaminación por nitratos en verduras y hortalizas debido al abuso de fertilizantes y pesticidas.;Los nitratos por sí mismos no son tóxicos, el peligro es su transformación en nitritos, hecho que sucede por una mala producción, por los envases de plástico y por nuestro propio cuerpo durante su digestión, originando a su vez nitrosaminas, las cuales son potencialmente cancerígenas y destructoras de glóbulos rojos, pudiendo provocar a largo plazo accidentes vasculares.;2;
E-252;Nitrato potásico;1;6;Actualmente se obtiene por síntesis química a partir del ácido nítrico.;Para conservar embutidos, carnes, productos cárnicos, quesos, alimentos curados y algunas pizzas. También puede existir contaminación por nitratos en verduras y hortalizas debido al abuso de fertilizantes y pesticidas.;Los nitratos por sí mismos no son tóxicos, el peligro es su transformación en nitritos, hecho que sucede por una mala producción, por los envases de plástico y por nuestro propio cuerpo durante su digestión, originando a su vez nitrosaminas, las cuales son potencialmente cancerígenas y destructoras de glóbulos rojos, pudiendo provocar a largo plazo accidentes vasculares.;2;
E-260;Ácido acético;1;5;Acidulante muy utilizado. Es un ingrediente activo del vinagre.;Para prevenir el crecimiento de hongos y bacterias. Se emplea para dar un sabor y un olor fuertes a ensaladas y otros platos. También se le añade a la mayonesa para incrementar el efecto contra la Salmonelosis (un tipo de bacteria).;Si no se diluye correctamente resulta extremadamente corrosivo para los bronquios.;0;
E-261;Acetato potásico;1;5;Acidulante de origen natural o químico. Se utiliza como conservante.;En vinagres, condimentos y especialmente para prevenir el crecimiento de esporas en el pan industrial.;Evitar en personas que tengan problemas renales o con intoleracia al vinagre.;0;
E-262;Acetato sódico;1;5;Acidulante de origen natural o químico. Se utiliza como conservante.;En vinagres, condimentos y especialmente para prevenir el crecimiento de esporas en el pan industrial. También se emplea en industria para pinturas y también en fotografía por su capacidad para retener el calor.;No recomendado en embarazadas, menores ni bebés.;0;
E-263;Acetato cálcico;1;5;Acidulante de origen natural o químico. Se utiliza como conservante.;En vinagres, condimentos y especialmente para prevenir el crecimiento de esporas en el pan industrial. También se emplea en ciertas pinturas, en el tratamiento del cuero y como lubricante.;No se ha encontrado ningún efecto secundario.;0;
E-264;Acetato de amonio;1;5;Acidulante de origen natural o químico. Se utiliza como conservante.;Se emplea en vinagres, condimentos y especialmente para prevenir el crecimiento de esporas en el pan industrial.;Puede provocar náuseas y vómitos.;1;
E-270;Ácido láctico;1;4;Acidulante de origen natural o químico. Se utiliza como conservante.;En bebidas y yogures. También es usado para aumentar la estabilidad de los productos derivados de las patatas, incrementando y estabilizando la acción de los antioxidantes y las pectinas.;No recomendado para niños y lactantes para evitar problemas digestivos.;0;
E-280;Ácido propiónico;1;0;Tanto el ácido propiónico como los propionatos (E281, E282 y E283) son utilizados como conservantes, principalmente contra los hongos. Debido a su fuerte aroma su uso es limitado.;En la elaboración de pan y otros productos de panificación para prevenir su deterioro.;No se ha encontrado ningún efecto secundario.;0;
E-281;Propionato sódico;1;0;Tanto el ácido propiónico como los propionatos (E281, E282 y E283) son utilizados como conservantes, principalmente contra los hongos. Debido a su fuerte aroma su uso es limitado.;En la elaboración de pan y otros productos de panificación para prevenir su deterioro.;No se ha encontrado ningún efecto secundario.;0;
E-282;Propionato cálcico;1;4;Tanto el ácido propiónico como los propionatos (E281, E282 y E283) son utilizados como conservantes, principalmente contra los hongos. Debido a su fuerte aroma su uso es limitado.;En la elaboración de pan y otros productos de panificación para prevenir su deterioro.;No se ha encontrado ningún efecto secundario.;0;
E-283;Propionato potásico;1;5;Tanto el ácido propiónico como los propionatos (E281, E282 y E283) son utilizados como conservantes, principalmente contra los hongos. Debido a su fuerte aroma su uso es limitado.;En la elaboración de pan y otros productos de panificación para prevenir su deterioro.;No se ha encontrado ningún efecto secundario.;0;
E-284;Ácido bórico;1;6;Conservante sintético peligroso.;En el caviar y en ciertos enjuagues bucales.;Diarrea, lesiones en órganos internos, problemas menstruales, anorexia, caída del cabello e intoxicación si se ingiere una cantidad elevada.;2;
E-285;Tetraborato de sodio (bórax);1;6;Conservante sintético.;Mayor frecuencia de uso en parafarmacia que en alimentos. Se emplea en productos multivitamínicos o mineralizados como una fuente de minerales.;Máximo 0'1 miligramos/kilo. No se conocen efectos secundarios a partir del consumo de alimentos pero en las preparaciones farmacológicas las concentraciones son más elevadas pudiendo causar severos efectos colaterales.;2;
E-290;Anhídrido carbónico;1;5;Se utiliza como gas impulsor y como acidulante.;En panadería, nata batida, bebidas gaseosas, bebidas carbonatadas y hace aumentar los efectos del alcohol.;No se ha encontrado ningún efecto secundario.;0;
E-296;Ácido málico;1;6;Acidulante natural o químico. Podría proceder de alimentos transgénicos. No se permite altas concentraciones en alimentos para niños.;En yogures y mezclas para la realización de pasteles de queso.;Puede provocar problemas digestivos en niños y lactantes ya que ellos carecen de la capacidad de metabolizar grandes cantidades de ácido málico.;2;
E-297;Ácido fumárico;1;6;Acidulante sintético. Se obtiene por síntesis química o a través de la fermentación del azúcar con hongos.;En zumos de naranja y salsas para condimentar espaguetis como acidulzante.;No se ha encontrado ningún efecto secundario.;0;
E-300;Ácido ascórbico;2;5;Ácido presente de forma natural en la mayoría de frutas y vegetales. Comercialmente se obtiene a través de la fermentación bacteriana de la glucosa seguido por una oxidación química. El ácido ascórbico es la vitamina C, sin embargo, éste no puede ser referido como suplemento vitamínico cuando en la etiqueta es descrito usando su codificación E300. Cuando es agregado a los alimentos funciona como un antioxidante.;En patatas de bolsa y congeladas, refrescos, néctares, cervezas, leche en polvo, mantequilla, y mermelada como antioxidante.;Si se ingiere más de 10 miligramos al día puede provocar diarreas y cálculos renales.;0;
E-301;Ascorbato sódico;2;6;Antioxidante de origen químico (no confundir con la Vitamina C natural).;En salchichas, embutidos, jamón, conservas, salsas y bebidas como antioxidante.;No se ha encontrado ningún efecto secundario.;0;
E-302;Ascorbato cálcico;2;6;Antioxidante de origen químico (no confundir con la Vitamina C natural).;En salchichas, embutidos, jamón, conservas, salsas y bebidas como antioxidante.;No se ha encontrado ningún efecto secundario.;0;
E-303;Diacetato de ascorbilo;2;6;Antioxidante de origen químico (no confundir con la Vitamina C natural).;En salchichas, embutidos, jamón, conservas, salsas y bebidas como antioxidante.;No se ha encontrado ningún efecto secundario.;0;
E-304;Palmitato de ascórbico;2;6;Antioxidante de origen químico (no confundir con la Vitamina C natural).;En salchichas, embutidos, jamón, conservas, salsas y bebidas como antioxidante.;No se ha encontrado ningún efecto secundario.;0;
E-305;Estearato Ascorbilo;2;6;Se obtiene derivado del éster del Ácido Ascórbico (E-300), del que se diferencia porque es soluble en grasas y aceites. Es la vitamina C (no natural), pero cuando se utiliza como aditivo no puede ser refererido como suplemento vitamínico porque ya es descrito usando su código E-305 y además no se añade por su vitamina sino por su poder antioxidante.;En panadería, pastelería, galletas, cereales para desayuno, bebidas, refrescos, zumos, salsas, conservas enlatadas y embutidos. También se utiliza en productos cárnicos para evitar la formación de nitrosaminas.;No se ha encontrado ningún efecto secundario. No se recomienda consumir más de 10 mg/día porque podría provocar diarreas y cálculos renales.;0;
E-306;Extractos naturales ricos en tocoferol;2;1;Vitamina E de origen natural. Se emplea como antioxidante y estabilizador.;En la masa de harina y en productos de dietética y parafarmacia.;No se ha encontrado ningún efecto secundario. No se recomienda consumir grandes dosis de suplementos de vitamina E junto a la aspirina porque ambos actúan como anticoagulantes y al combinarse su efecto podría ser perjudicial.;0;
E-307;Alfa-tocoferol;2;6;Vitamina E de origen sintético. Se emplea como antioxidante y estabilizador.;En la masa de harina y en productos de dietética y parafarmacia.;No se ha encontrado ningún efecto secundario. No se recomienda consumir grandes dosis de suplementos de vitamina E junto a la aspirina porque ambos actúan como anticoagulantes y al combinarse su efecto podría ser perjudicial.;0;
E-308;Gamma-tocoferol;2;6;Vitamina E de origen sintético. Se emplea como antioxidante y estabilizador.;En la masa de harina y en productos de dietética y parafarmacia.;No se ha encontrado ningún efecto secundario. No se recomienda consumir grandes dosis de suplementos de vitamina E junto a la aspirina porque ambos actúan como anticoagulantes y al combinarse su efecto podría ser perjudicial.;0;
E-309;Delta-tocoferol;2;6;Vitamina E de origen sintético. Se emplea como antioxidante y estabilizador.;En la masa de harina y en productos de dietética y parafarmacia.;No se ha encontrado ningún efecto secundario. No se recomienda consumir grandes dosis de suplementos de vitamina E junto a la aspirina porque ambos actúan como anticoagulantes y al combinarse su efecto podría ser perjudicial.;0;
E-310;Galato de propilo;2;6;Antioxidante sintético de origen químico.;Sobre todo en alimentos industriales como sopas de sobre, algunas leches en polvo, puré de patata en copos y chicles. También se suele emplear en aromas artificiales, en grasas y aceites.;Muy desaconsejado en niños y mujeres embarazadas. Provoca hiperactividad, asma, urticaria, insomnio, problemas digestivos, infertilidad, infección de hígado y riñones, linfomas, cáncer y diversas reacciones alérgicas. Un informe de 1993 demostró en ratas que este aditivo usado durante 90 días provoca problemas de hemoglobina, una baja producción de glóbulos rojos y alteraciones morfológicas en el bazo.;2;
E-311;Galato de octilo;2;6;Antioxidante sintético de origen químico.;Sobre todo en alimentos industriales como sopas de sobre, algunas leches en polvo, puré de patata en copos y chicles. También se suele emplear en aromas artificiales, en grasas y aceites.;Evitar en mujeres embarazadas, niños y lactantes. Los alérgicos a la aspirina no deben tomarlo. Provoca hiperactividad, asma, urticaria, insomnio, problemas digestivos, diversas alérgias y problemas de hemoglobina. En fuertes dosis provoca reacciones en la mucosa bucal. Puede producir dermatitis.;2;
E-312;Galato de dodecilo;2;6;Antioxidante sintético de origen químico.;Sobre todo en alimentos industriales como sopas de sobre, algunas leches en polvo, puré de patata en copos y chicles. También se suele emplear en aromas artificiales, en grasas y aceites.;Evitar en mujeres embarazadas, niños y lactantes. Los alérgicos a la aspirina no deben tomarlo. Provoca hiperactividad, asma, urticaria, insomnio, problemas digestivos, diversas alérgias y problemas de hemoglobina. En fuertes dosis provoca reacciones en la mucosa bucal. Puede producir dermatitis.;2;
E-315;Ácido eritórbico;2;6;Antioxidante y estabilizador sintético.;En el pescado en conserva o congelado y en ciertos embutidos y carnes.;Falta de informes. Podría suprimir la absorción de Vitamina C.;1;
E-316;Eritorbato sódico;2;6;Antioxidante y estabilizador sintético.;En el pescado en conserva o congelado y en ciertos embutidos y carnes.;Falta de informes. Podría suprimir la absorción de Vitamina C.;1;
E-319;Butilhidroquinona (BHQ), Terbutilhidroquinona (TBHQ), Hidroquinona Terciaria;2;6;Antioxidante sintético. Se obtiene derivado de la industria petrolífera, reciclando su uso como aditivo alimentario. No se degrada con el calor así que se utiliza en productos horneados, fritos o que alcancen altas temperaturas. Se utiliza para prevenir la degradación oxidativa de lípidos.;En frituras, grasas animales, bebidas lácteas, cereales para desayuno y mantecados. También se utiliza para crear aromas artificiales.;No recomendado en niños y mujeres embarazadas. En grandes dosis provoca hiperactividad, asma, urticaria, insomnio, aumento del colesterol en la sangre y problemas de metabolismo en el hígado. Se acumula en la grasa del cuerpo. En estudios con animales de laboratorio provoca cáncer. A largo plazo podría ser cancerígeno en humanos.;2;
E-320;Butilhidroxianisol BHA;2;6;Antioxidante sintético totalmente desaconsejado en niños, embarazadas y mujeres en lactancia. Procede de la indústria petrolífera, reciclando su uso como aditivo alimentario.;En caramelos, escabeches, galletas, bebidas sin alcohol y comida precocinada como antioxidante.;Hiperactividad, asma, urticaria, insomnio, aumento del colesterol en la sangre, problemas de metabolismo en el hígado, adormecimiento y tumores cancerígenos.;2;
E-321;Butilhidroxitolueno BHT;2;6;Antioxidante sintético. Procede de la industria petrolífera, reciclando su uso como aditivo alimentario. ;En escabeches, aceites vegetales, patatas fritas, comidas precocinadas, bebidas no alcohólicas, chicles, puré de patatas y cereales como antioxidante.;Puede provocar reacciones cutáneas y problemas en el sistema reproductivo y sanguíneo. Se ha observado cáncer en animales de laboratorio.;2;
E-322;Lecitina, Fosfolípidos, Fosfátidos de lecitina;2;0;Emulsionante que se extrae de la soja o de la clara del huevo y actúa como fosfoaminolípido. También puede extraerse de colza, girasol, etc.;En chocolates, galletas, leches en polvo y margarinas. También se utiliza en medicina para tratar la demencia senil.;Atención especial en alérgicos al huevo.;0;
E-325;Lactato sódico;2;6;Antioxidante y regulador de la acidez. Procede del ácido láctico (E-270). Se utiliza para prevenir levaduras y hongos. ;En quesos y productos de confitería como antioxidante.;No se ha encontrado ningún efecto secundario. No recomendado en personas con ataques de pánico, crisis de ansiedad o agorafobia porque podría aumentar sus efectos.;0;
E-326;Lactato potásico;2;6;Antioxidante y regulador de la acidez. Procede del ácido láctico (E-270). Se utiliza para prevenir levaduras y hongos. ;En margarinas, pastelería y mermeladas como sinérgico.;Se desconocen sus efectos secundarios.;0;
E-327;Lactato cálcico;2;6;Antioxidante y regulador de la acidez. Procede del ácido láctico (E-270). Se utiliza para prevenir levaduras y hongos. ;En el queso, verduras enlatadas y pasteles como antioxidante.;Se desconocen sus efectos secundarios.;0;
E-328;Lactato de amonio;2;6;Antioxidante y regulador de la acidez. Procede del ácido láctico (E-270) combinado con Carbonato de amonio (E-503). Se utiliza para prevenir levaduras y hongos. ;En quesos, yogures, helados, bebidas isotónicas, gelatinas, postres, pastelería, carne adobada y productos cárnicos.;No se ha encontrado ningún efecto secundario.;0;
E-329;Lactato de magnesio;2;6;Antioxidante y regulador de la acidez. Procede del ácido láctico (E-270) combinado con Carbonato de magnesio (E-504). Se utiliza para prevenir levaduras y hongos. ;En quesos, yogures, helados, bebidas isotónicas, gelatinas, postres, pastelería, carne adobada y productos cárnicos. También se utiliza en suplementos de magnesio.;No se ha encontrado ningún efecto secundario.;0;
E-330;Ácido cítrico;2;5;Acidulante derivado del ácido cítrico. Se obtiene de forma natural por extracción de frutas cítricas o de forma sintética fermentando azúcar de sacarosa o glucosa con hongos de la familia 'Aspergillus Niger'. También puede obtenerse mediante ingeniería genética. Se utiliza también como saborizante.;En multitud de productos como pueden ser conservas, zumos, mermeladas, yogures, postres, etc.;En grandes cantidades puede causar reacciones cutáneas, corrosión dental, alergias y alteraciones digestivas.;1;
E-331;Citratos de sodio;2;5;Acidulante derivado del ácido cítrico (E-330). Puede obtenerse mediante ingeniería genética. Se utiliza también como saborizante.;En multitud de productos como pueden ser conservas, zumos, mermeladas, yogures, postres, etc.;En grandes cantidades puede causar reacciones cutáneas y corrosión dental.;0;
E-332;Citratos de potasio;2;0;Acidulante y antioxidante de origen vegetal. Procede de bacterias o mediante ingeniería genética.;En mermeladas light, nata y quesos como regulador.;En casos aislados puede provocar urticaria y angioedema (hinchazón de la piel). En grandes cantidades puede causar pequeñas úlceras en la membrana mucosa de la boca y puede erosionar los dientes.;1;
E-333;Citratos de calcio;2;0;Acidulante y antioxidante de origen vegetal. Procede de bacterias o mediante ingeniería genética.;En confitería, quesos, refrescos y vinos como reafirmante.;En casos aislados puede provocar urticaria y angioedema (hinchazón de la piel). En grandes cantidades puede causar pequeñas úlceras en la membrana mucosa de la boca y puede erosionar los dientes.;1;
E-334;Ácido tartárico;2;0;Acidulante y antioxidante natural. Se obtiene de la fermentación de algunas frutas como las uvas, los tamarindos y ciertas clases de bayas. También se utiliza como antioxidante y se añade en las bebidas como corrector de la acidez.;En mermeladas, gelatinas, refrescos y confitería como antioxidante.;Puede producir irritaciones en el estómago si se toma sin diluir.;0;
E-335;Tartrato de sodio;2;6;Acidulante y antioxidante derivado de la sal del ácido tartárico (E-334). Se utiliza como antioxidante y corrector de acidez.;En productos alimentarios para niños, en mermeladas, refrescos y gelatinas como antioxidante.;En grandes cantidades puede provocar diarrea.;0;
E-336;Tartrato de potasio;2;6;Acidulante y antioxidante derivado de la sal del ácido tartárico (E-334). Se utiliza como antioxidante y corrector de acidez.;En gelatinas para merengues, bizcochos, mermeladas y bebidas gaseosas como antioxidante.;No se ha encontrado ningún efecto secundario.;0;
E-337;Tartrato doble de sodio y potasio;2;6;Acidulante y antioxidante derivado de la sal del ácido tartárico (E-334). Se utiliza como antioxidante y corrector de acidez.;En carnes, quesos, mermeladas y bebidas gaseosas como emulsionante.;No se ha encontrado ningún efecto secundario.;0;
E-338;Ácido fosfórico;2;6;Acidulante sintético y corrector de la acidez. Se obtiene por reacción de rocas minerales que contienen Ortofosfatos de calcio (E-341) con Ácido sulfúrico (E-513). Se suele utilizar en sustitución del Ácido cítrico (E-330) porque es más barato y fácil y producir en grandes cantidades.;En bebidas gaseosas, platos congelados, salsas y embutidos.;En grandes cantidades puede provocar hiperactividad, problemas digestivos y perturbar el equilibrio natural de calcio y fósforo en el organismo. Dietas bajas en calcio pueden ocasionar una descalcificación de los huesos. Puede producir problemas de enzimáticos del metabolismo y en niños nerviosismo y falta de concentración. Es muy fácil consumir grandes cantidades debido a los numerosos alimentos que lo contienen. La ingesta máxima diaria es de 70 mg/kg de peso corporal.;1;
E-339;Ortofosfatos de sodio;2;0;Corrector de la acidez. Se obtiene por extracción de rocas minerales. ;En bebidas gaseosas, platos congelados, salsas, algunos quesos, embutidos, mantequillas y margarinas como estabilizador.;En grandes cantidades puede provocar hiperactividad, problemas digestivos y perturbar el equilibrio natural de calcio y fósforo en el organismo. Es muy fácil consumir grandes cantidades debido a los numerosos alimentos que lo contienen.;1;
E-339i;Ortofosfato Monosódico;2;0;Corrector de la acidez. Se obtiene por extracción de rocas minerales. ;En refrescos de cola, gaseosas, platos congelados, salsas, quesos y productos cárnicos.;En grandes dosis puede provocar hiperactividad y problemas digestivos. A largo plazo puede reducir el equilibrio natural de calcio y fósforo en el organismo. Es fácil consumir una elevada cantidad debido a lso numerosos alimentos que lo contienen.;1;
E-339ii;Ortofosfato Disódico;2;0;Corrector de la acidez. Se obtiene por extracción de rocas minerales. ;En refrescos de cola, gaseosas, platos congelados, salsas, quesos y productos cárnicos.;En grandes dosis puede provocar hiperactividad y problemas digestivos. A largo plazo puede reducir el equilibrio natural de calcio y fósforo en el organismo. Es fácil consumir una elevada cantidad debido a lso numerosos alimentos que lo contienen.;1;
E-339iii;Ortofosfato Trisódico;2;0;Corrector de la acidez. Se obtiene por extracción de rocas minerales. ;En refrescos de cola, gaseosas, platos congelados, salsas, quesos y productos cárnicos.;En grandes dosis puede provocar hiperactividad y problemas digestivos. A largo plazo puede reducir el equilibrio natural de calcio y fósforo en el organismo. Es fácil consumir una elevada cantidad debido a lso numerosos alimentos que lo contienen.;1;
